{"inputUnits":[42],"outputUnits":3,"inputs":{"0":{"dtype":"number","min":172.74525960286462,"max":509.6827895553024},"1":{"dtype":"number","min":65.49715399742126,"max":396.2164640426636},"2":{"dtype":"number","min":190.34356011284723,"max":492.6567572134512},"3":{"dtype":"number","min":61.428648233413696,"max":383.51902961730957},"4":{"dtype":"number","min":175.1258284957321,"max":489.2492718166775},"5":{"dtype":"number","min":55.599528551101685,"max":365.2108669281006},"6":{"dtype":"number","min":161.61182544849538,"max":486.8125703599718},"7":{"dtype":"number","min":50.63565373420715,"max":398.4959125518799},"8":{"dtype":"number","min":155.71614018193003,"max":487.61557119864005},"9":{"dtype":"number","min":42.8437203168869,"max":421.8745231628418},"10":{"dtype":"number","min":180.9265701859086,"max":491.5575804533782},"11":{"dtype":"number","min":20.406000316143036,"max":366.5248394012451},"12":{"dtype":"number","min":160.03256903754345,"max":497.61067849618416},"13":{"dtype":"number","min":14.3837571144104,"max":419.97785568237305},"14":{"dtype":"number","min":137.5056796603733,"max":515.361828274197},"15":{"dtype":"number","min":-6.908202171325684,"max":451.5857219696045},"16":{"dtype":"number","min":114.78972258391207,"max":531.0649730541088},"17":{"dtype":"number","min":-28.052926063537598,"max":472.8543758392334},"18":{"dtype":"number","min":179.27288479275177,"max":503.70199415418836},"19":{"dtype":"number","min":17.391780018806458,"max":370.11780738830566},"20":{"dtype":"number","min":143.39257699471938,"max":499.3458995112666},"21":{"dtype":"number","min":6.8015336990356445,"max":434.8942756652832},"22":{"dtype":"number","min":114.12935610170723,"max":519.8792210331669},"23":{"dtype":"number","min":-20.608633756637573,"max":466.1792278289795},"24":{"dtype":"number","min":87.2274328161169,"max":538.138481422707},"25":{"dtype":"number","min":-45.59130668640137,"max":483.2211494445801},"26":{"dtype":"number","min":170.57916146737563,"max":515.0491573192455},"27":{"dtype":"number","min":19.74468231201172,"max":377.1265983581543},"28":{"dtype":"number","min":144.42992033781832,"max":516.5251413981119},"29":{"dtype":"number","min":8.362209796905518,"max":436.190128326416},"30":{"dtype":"number","min":120.35872847945603,"max":515.97676453767},"31":{"dtype":"number","min":-14.934641122817993,"max":465.10157585144043},"32":{"dtype":"number","min":100.05917019314239,"max":530.4800104211878},"33":{"dtype":"number","min":-38.255661725997925,"max":482.7352523803711},"34":{"dtype":"number","min":161.79493091724538,"max":525.5971908569336},"35":{"dtype":"number","min":25.588595867156982,"max":384.0580940246582},"36":{"dtype":"number","min":150.02772013346356,"max":531.2831030951606},"37":{"dtype":"number","min":5.299180746078491,"max":429.3683052062988},"38":{"dtype":"number","min":138.58512595847805,"max":534.1994532832393},"39":{"dtype":"number","min":-16.115474700927734,"max":452.402400970459},"40":{"dtype":"number","min":125.15778718171299,"max":536.3722483317057},"41":{"dtype":"number","min":-37.97078728675842,"max":470.6940174102783}},"outputs":{"0":{"dtype":"number","min":0,"max":1},"1":{"dtype":"number","min":0,"max":1},"2":{"dtype":"number","min":0,"max":1}},"isNormalized":true}