{"inputUnits":[42],"outputUnits":5,"inputs":{"0":{"dtype":"number","min":65.50400345413777,"max":596.8959618497778},"1":{"dtype":"number","min":93.71771216392517,"max":462.9848003387451},"2":{"dtype":"number","min":93.56836389612272,"max":588.2290310329861},"3":{"dtype":"number","min":114.11128044128418,"max":433.5688591003418},"4":{"dtype":"number","min":123.21992097077549,"max":587.6477683032},"5":{"dtype":"number","min":79.3247401714325,"max":403.7075996398926},"6":{"dtype":"number","min":124.59349455656832,"max":591.4194107055664},"7":{"dtype":"number","min":40.986597537994385,"max":395.7844018936157},"8":{"dtype":"number","min":111.11902307581022,"max":595.146338586454},"9":{"dtype":"number","min":-17.224860191345215,"max":401.21164321899414},"10":{"dtype":"number","min":134.38893070927378,"max":598.8413278703337},"11":{"dtype":"number","min":78.82426381111145,"max":390.994930267334},"12":{"dtype":"number","min":99.55427381727435,"max":610.3555652830336},"13":{"dtype":"number","min":59.45543050765991,"max":392.2168254852295},"14":{"dtype":"number","min":72.67275209780098,"max":615.3495717931677},"15":{"dtype":"number","min":11.211240291595459,"max":395.22953033447266},"16":{"dtype":"number","min":53.91263608579288,"max":617.4820299501772},"17":{"dtype":"number","min":-30.513930320739746,"max":397.93999195098877},"18":{"dtype":"number","min":113.01275182653359,"max":600.1135992231192},"19":{"dtype":"number","min":90.41414260864258,"max":396.58043384552},"20":{"dtype":"number","min":66.3175794813368,"max":611.7365254296196},"21":{"dtype":"number","min":58.84230136871338,"max":395.3824281692505},"22":{"dtype":"number","min":21.321388527199133,"max":610.8541020640621},"23":{"dtype":"number","min":1.7635583877563477,"max":392.4426078796387},"24":{"dtype":"number","min":-15.689708568431683,"max":610.1874907811483},"25":{"dtype":"number","min":-48.80795478820801,"max":396.77181243896484},"26":{"dtype":"number","min":96.54343216507527,"max":599.3642482492659},"27":{"dtype":"number","min":56.149232387542725,"max":401.1031150817871},"28":{"dtype":"number","min":52.4261474609375,"max":607.673779240361},"29":{"dtype":"number","min":38.816797733306885,"max":395.04055976867676},"30":{"dtype":"number","min":24.516070330584512,"max":603.4808225101895},"31":{"dtype":"number","min":28.020787239074707,"max":392.0381546020508},"32":{"dtype":"number","min":8.620707194010492,"max":605.2011843080874},"33":{"dtype":"number","min":-13.531625270843506,"max":419.9410915374756},"34":{"dtype":"number","min":85.50991482204859,"max":599.5638246889467},"35":{"dtype":"number","min":28.204411268234253,"max":403.3369541168213},"36":{"dtype":"number","min":49.75105568214701,"max":613.8497599848995},"37":{"dtype":"number","min":16.334688663482666,"max":394.48440074920654},"38":{"dtype":"number","min":32.401642975983805,"max":625.3045894481518},"39":{"dtype":"number","min":36.30591034889221,"max":403.68618965148926},"40":{"dtype":"number","min":25.562088577835652,"max":631.9466414274992},"41":{"dtype":"number","min":30.676615238189697,"max":413.9294147491455}},"outputs":{"0":{"dtype":"number","min":0,"max":1},"1":{"dtype":"number","min":0,"max":1},"2":{"dtype":"number","min":0,"max":1},"3":{"dtype":"number","min":0,"max":1},"4":{"dtype":"number","min":0,"max":1}},"isNormalized":true}